RO,Keyword 1,Keyword 2
876439,VEND TO DEALER,WCH
875151,VEND TO DEALER,
878592,,
875786,VEND TO DEALER,
876338,VEND TO DEALER,WCH
878590,,
877521,VEND TO DEALER,
877519,VEND TO DEALER,
877966,VEND TO DEALER,
878157,VEND TO DEALER,
878594,VEND TO DEALER,
877963,VEND TO DEALER,
878457,VEND TO DEALER,
878128,VEND TO DEALER,
878414,VEND TO DEALER,
878143,VEND TO DEALER,
877887,VEND TO DEALER,
878378,VEND TO DEALER,
877941,VEND TO DEALER,
877884,VEND TO DEALER,
878158,VEND TO DEALER,
878144,VEND TO DEALER,
878164,VEND TO DEALER,
878139,VEND TO DEALER,
877947,VEND TO DEALER,
878126,VEND TO DEALER,
877781,VEND TO DEALER,
878161,VEND TO DEALER,
878131,VEND TO DEALER,
877959,VEND TO DEALER,
878388,VEND TO DEALER,
877942,VEND TO DEALER,
878418,VEND TO DEALER,
877961,VEND TO DEALER,
878136,VEND TO DEALER,
878507,VEND TO DEALER,
877964,VEND TO DEALER,
878124,VEND TO DEALER,
878371,VEND TO DEALER,
878141,VEND TO DEALER,
877939,VEND TO DEALER,
878133,VEND TO DEALER,
877958,VEND TO DEALER,
878597,VEND TO DEALER,
878166,VEND TO DEALER,
878125,VEND TO DEALER,
878033,VEND TO DEALER,
877946,VEND TO DEALER,
877784,VEND TO DEALER,
878135,VEND TO DEALER,
878247,VEND TO DEALER,
878411,VEND TO DEALER,
878119,VEND TO DEALER,
877894,VEND TO DEALER,
878468,VEND TO DEALER,
878120,VEND TO DEALER,
878129,VEND TO DEALER,
878020,VEND TO DEALER,
878035,VEND TO DEALER,
878137,VEND TO DEALER,
878041,VEND TO DEALER,
878039,VEND TO DEALER,
877960,VEND TO DEALER,
878255,VEND TO DEALER,
878159,VEND TO DEALER,
878465,VEND TO DEALER,
878154,VEND TO DEALER,
878401,VEND TO DEALER,
877788,VEND TO DEALER,
878142,VEND TO DEALER,
878469,VEND TO DEALER,
877940,VEND TO DEALER,
877948,VEND TO DEALER,
878134,VEND TO DEALER,
878470,VEND TO DEALER,
877993,VEND TO DEALER,
878165,VEND TO DEALER,
877932,VEND TO DEALER,
878122,VEND TO DEALER,
878036,VEND TO DEALER,
877936,VEND TO DEALER,
878471,VEND TO DEALER,
878123,VEND TO DEALER,
878466,VEND TO DEALER,
878043,VEND TO DEALER,
878152,VEND TO DEALER,
877783,VEND TO DEALER,
878127,VEND TO DEALER,
878517,VEND TO DEALER,
878132,VEND TO DEALER,
878305,VEND TO DEALER,
877933,VEND TO DEALER,
878156,VEND TO DEALER,
878140,VEND TO DEALER,
877952,VEND TO DEALER,
877498,,
878167,VEND TO DEALER,
877950,VEND TO DEALER,
878169,VEND TO DEALER,
878438,VEND TO DEALER,
877974,VEND TO DEALER,
877954,VEND TO DEALER,
878494,VEND TO DEALER,
878022,VEND TO DEALER,
875538,VEND TO DEALER,
878425,VEND TO DEALER,
875652,,
878327,,
872621,VEND TO DEALER,
877233,VEND TO DEALER,
872458,,
878386,,
877660,VEND TO DEALER,WCH
877473,VEND TO DEALER,WCH
877656,VEND TO DEALER,WCH
876933,VEND TO DEALER,WCH
877651,,WCH
878579,VEND TO DEALER,WCH
876373,VEND TO DEALER,WCH
876806,VEND TO DEALER,WCH
877645,,WCH
878038,VEND TO DEALER,
878274,VEND TO DEALER,
877649,VEND TO DEALER,WCH
876134,VEND TO DEALER,WCH
876074,VEND TO DEALER,
875259,VEND TO DEALER,WCH
876836,VEND TO DEALER,WCH
877668,,WCH
878306,VEND TO DEALER,WCH
876598,VEND TO DEALER,WCH
877637,VEND TO DEALER,WCH
875101,VEND TO DEALER,WCH
878021,VEND TO DEALER,WCH
875258,VEND TO DEALER,WCH
876103,VEND TO DEALER,WCH
875139,VEND TO DEALER,WCH
877618,VEND TO DEALER,WCH
877266,VEND TO DEALER,WCH
876354,VEND TO DEALER,WCH
876762,VEND TO DEALER,WCH
878367,VEND TO DEALER,WCH
877172,VEND TO DEALER,WCH
875757,VEND TO DEALER,WCH
877647,VEND TO DEALER,WCH
876116,VEND TO DEALER,
878359,VEND TO DEALER,WCH
877644,,WCH
877861,VEND TO DEALER,WCH
876556,VEND TO DEALER,WCH
876800,VEND TO DEALER,WCH
876905,VEND TO DEALER,WCH
878356,,
878443,VEND TO DEALER,WCH
875205,VEND TO DEALER,WCH
876471,VEND TO DEALER,WCH
877896,VEND TO DEALER,WCH
877653,,WCH
877791,VEND TO DEALER,WCH
876976,VEND TO DEALER,WCH
877459,VEND TO DEALER,WCH
877635,VEND TO DEALER,WCH
876611,VEND TO DEALER,
877652,,WCH
877991,VEND TO DEALER,
875769,VEND TO DEALER,WCH
876943,VEND TO DEALER,WCH
875454,VEND TO DEALER,WCH
876432,VEND TO DEALER,
877636,VEND TO DEALER,WCH
877149,VEND TO DEALER,WCH
876983,VEND TO DEALER,WCH
876553,VEND TO DEALER,WCH
875489,VEND TO DEALER,WCH
876552,,WCH
877729,VEND TO DEALER,
876112,VEND TO DEALER,WCH
875207,VEND TO DEALER,WCH
877661,VEND TO DEALER,WCH
877633,VEND TO DEALER,WCH
878409,VEND TO DEALER,WCH
876192,VEND TO DEALER,WCH
876212,VEND TO DEALER,WCH
877268,VEND TO DEALER,WCH
877658,,WCH
877882,VEND TO DEALER,WCH
877638,VEND TO DEALER,WCH
877274,,WCH
876929,VEND TO DEALER,WCH
877662,,WCH
877851,VEND TO DEALER,WCH
876346,VEND TO DEALER,WCH
877641,,WCH
876477,VEND TO DEALER,WCH
875276,VEND TO DEALER,WCH
877610,VEND TO DEALER,
877640,,WCH
877650,,WCH
876580,VEND TO DEALER,
876503,VEND TO DEALER,WCH
876903,VEND TO DEALER,WCH
876440,VEND TO DEALER,
877213,VEND TO DEALER,WCH
876768,VEND TO DEALER,
876470,VEND TO DEALER,WCH
877654,VEND TO DEALER,WCH
877734,VEND TO DEALER,WCH
875913,VEND TO DEALER,
876447,VEND TO DEALER,WCH
877168,,WCH
876883,VEND TO DEALER,WCH
876352,VEND TO DEALER,WCH
876852,,WCH
876906,VEND TO DEALER,WCH
877642,,WCH
877643,VEND TO DEALER,WCH
877646,,WCH
877648,,WCH
875886,VEND TO DEALER,WCH
876253,VEND TO DEALER,WCH
877657,VEND TO DEALER,WCH
878504,VEND TO DEALER,WCH
877670,,WCH
878526,VEND TO DEALER,WCH
877170,,WCH
877437,VEND TO DEALER,WCH
877223,VEND TO DEALER,WCH
875903,VEND TO DEALER,WCH
877634,,WCH
877770,VEND TO DEALER,WCH
875306,VEND TO DEALER,WCH
875720,VEND TO DEALER,WCH
877655,VEND TO DEALER,WCH
877639,,WCH
878008,VEND TO DEALER,
875755,VEND TO DEALER,WCH
876609,VEND TO DEALER,
877666,VEND TO DEALER,WCH
876088,VEND TO DEALER,WCH
876506,VEND TO DEALER,
877328,VEND TO DEALER,WCH
877330,,WCH
877061,,WCH
877243,VEND TO DEALER,WCH
877321,,WCH
877324,VEND TO DEALER,WCH
877930,,WCH
876517,,WCH
877034,VEND TO DEALER,WCH
877922,,WCH
877334,VEND TO DEALER,WCH
876764,VEND TO DEALER,
877039,VEND TO DEALER,WCH
877920,,WCH
877921,,WCH
877931,,WCH
877801,,WCH
877327,,WCH
877326,VEND TO DEALER,WCH
875770,VEND TO DEALER,WCH
877927,,WCH
875456,VEND TO DEALER,WCH
876090,VEND TO DEALER,
877335,VEND TO DEALER,WCH
877802,,WCH
876518,,WCH
876795,VEND TO DEALER,WCH
875859,VEND TO DEALER,
877036,VEND TO DEALER,WCH
876442,VEND TO DEALER,WCH
877322,VEND TO DEALER,WCH
877925,,WCH
877325,,WCH
877926,,WCH
875970,VEND TO DEALER,WCH
875914,VEND TO DEALER,WCH
875976,VEND TO DEALER,
877929,,WCH
876137,VEND TO DEALER,WCH
877054,,WCH
877924,,WCH
877797,,WCH
875479,VEND TO DEALER,WCH
875688,VEND TO DEALER,
877332,VEND TO DEALER,WCH
877333,,WCH
876516,VEND TO DEALER,WCH
875721,VEND TO DEALER,WCH
876426,VEND TO DEALER,WCH
876390,VEND TO DEALER,WCH
875998,VEND TO DEALER,
877329,,WCH
877800,,WCH
876497,VEND TO DEALER,WCH
876223,VEND TO DEALER,WCH
877331,VEND TO DEALER,WCH
877035,VEND TO DEALER,WCH
876334,VEND TO DEALER,WCH
877125,VEND TO DEALER,WCH
877923,,WCH
877796,,WCH
877055,,WCH
878253,VEND TO DEALER,WCH
875799,VEND TO DEALER,WCH
877037,VEND TO DEALER,WCH
875359,VEND TO DEALER,
878560,,
877523,VEND TO DEALER,
877956,VEND TO DEALER,
877945,VEND TO DEALER,
878467,VEND TO DEALER,
877955,VEND TO DEALER,
878160,VEND TO DEALER,
877957,VEND TO DEALER,
878162,VEND TO DEALER,
878138,VEND TO DEALER,
878581,,
875268,VEND TO DEALER,
875266,VEND TO DEALER,
878019,VEND TO DEALER,
875085,VEND TO DEALER,
876820,VEND TO DEALER,
876821,VEND TO DEALER,
875084,VEND TO DEALER,
876807,VEND TO DEALER,
877758,,
875166,VEND TO DEALER,
876809,VEND TO DEALER,
876892,VEND TO DEALER,
878461,,
876817,VEND TO DEALER,
876591,VEND TO DEALER,
878268,VEND TO DEALER,
878121,VEND TO DEALER,
878034,VEND TO DEALER,
878028,VEND TO DEALER,
877992,VEND TO DEALER,
878045,VEND TO DEALER,
877867,VEND TO DEALER,
877937,VEND TO DEALER,
877005,VEND TO DEALER,
877934,VEND TO DEALER,
871240,,
875350,VEND TO DEALER,
876495,VEND TO DEALER,
878588,,
875144,VEND TO DEALER,
875467,VEND TO DEALER,
875469,VEND TO DEALER,
876737,VEND TO DEALER,
876089,VEND TO DEALER,
877527,VEND TO DEALER,
876250,VEND TO DEALER,
877465,VEND TO DEALER,
877160,VEND TO DEALER,
875689,,
878318,,
878400,,
878586,,
877869,,
876369,VEND TO DEALER,
876129,VEND TO DEALER,
876657,VEND TO DEALER,
876127,VEND TO DEALER,
875988,VEND TO DEALER,
876468,VEND TO DEALER,
875989,VEND TO DEALER,
876128,VEND TO DEALER,
876395,VEND TO DEALER,WCH
